symbol,bucket,value,n,expectancy_r,win_rate,profit_factor
BTC/USDT:USDT,hour,0,49,0.1389,0.5102,1.275
BTC/USDT:USDT,hour,4,36,0.3744,0.5278,1.913
BTC/USDT:USDT,hour,8,41,0.4266,0.561,2.158
BTC/USDT:USDT,hour,12,52,0.1361,0.4615,1.284
BTC/USDT:USDT,hour,16,69,0.1113,0.4348,1.209
BTC/USDT:USDT,hour,20,62,0.1872,0.4839,1.384
BTC/USDT:USDT,weekday,0,86,0.1797,0.4651,1.34
BTC/USDT:USDT,weekday,1,26,0.5529,0.6154,2.344
BTC/USDT:USDT,weekday,2,39,-0.0192,0.4359,0.961
BTC/USDT:USDT,weekday,3,58,0.2594,0.5517,1.678
BTC/USDT:USDT,weekday,4,41,0.2118,0.4634,1.55
BTC/USDT:USDT,weekday,5,9,-0.3482,0.2222,0.546
BTC/USDT:USDT,weekday,6,50,0.2892,0.5,1.553
ETH/USDT:USDT,hour,0,46,0.1844,0.4783,1.36
ETH/USDT:USDT,hour,4,40,0.1371,0.425,1.268
ETH/USDT:USDT,hour,8,45,0.2302,0.4444,1.5
ETH/USDT:USDT,hour,12,41,-0.0404,0.3415,0.929
ETH/USDT:USDT,hour,16,61,0.0498,0.3607,1.089
ETH/USDT:USDT,hour,20,61,0.3955,0.5246,1.835
ETH/USDT:USDT,weekday,0,59,0.02,0.3559,1.032
ETH/USDT:USDT,weekday,1,34,-0.0698,0.3235,0.885
ETH/USDT:USDT,weekday,2,38,0.355,0.5526,1.761
ETH/USDT:USDT,weekday,3,53,0.3884,0.566,2.058
ETH/USDT:USDT,weekday,4,38,0.0301,0.3421,1.071
ETH/USDT:USDT,weekday,5,19,1.0014,0.6842,4.018
ETH/USDT:USDT,weekday,6,53,-0.0607,0.3396,0.905
BNB/USDT:USDT,hour,0,57,0.1731,0.4561,1.332
BNB/USDT:USDT,hour,4,44,0.3251,0.5,1.757
BNB/USDT:USDT,hour,8,52,0.4728,0.5192,2.148
BNB/USDT:USDT,hour,12,51,0.3361,0.4902,1.677
BNB/USDT:USDT,hour,16,61,0.4102,0.5246,1.969
BNB/USDT:USDT,hour,20,53,0.4483,0.5849,2.123
BNB/USDT:USDT,weekday,0,70,-0.1645,0.3143,0.762
BNB/USDT:USDT,weekday,1,27,0.6378,0.6296,2.777
BNB/USDT:USDT,weekday,2,30,-0.152,0.3,0.729
BNB/USDT:USDT,weekday,3,64,0.7834,0.625,3.548
BNB/USDT:USDT,weekday,4,44,0.7132,0.6818,4.405
BNB/USDT:USDT,weekday,5,33,0.5367,0.6061,2.415
BNB/USDT:USDT,weekday,6,50,0.2862,0.5,1.551
SOL/USDT:USDT,hour,0,50,0.1216,0.44,1.255
SOL/USDT:USDT,hour,4,55,0.0451,0.4,1.086
SOL/USDT:USDT,hour,8,52,0.3419,0.4808,1.929
SOL/USDT:USDT,hour,12,55,-0.0532,0.3818,0.902
SOL/USDT:USDT,hour,16,59,0.1992,0.4746,1.445
SOL/USDT:USDT,hour,20,53,-0.1677,0.3585,0.722
SOL/USDT:USDT,weekday,0,50,0.4107,0.56,1.979
SOL/USDT:USDT,weekday,1,43,0.3097,0.5116,1.682
SOL/USDT:USDT,weekday,2,45,0.4477,0.5556,2.134
SOL/USDT:USDT,weekday,3,58,-0.2083,0.2586,0.643
SOL/USDT:USDT,weekday,4,55,0.1721,0.4727,1.431
SOL/USDT:USDT,weekday,5,24,-0.3088,0.375,0.426
SOL/USDT:USDT,weekday,6,49,-0.3611,0.2449,0.468
XRP/USDT:USDT,hour,0,43,0.0662,0.4186,1.152
XRP/USDT:USDT,hour,4,38,0.1359,0.3947,1.297
XRP/USDT:USDT,hour,8,54,0.6041,0.5556,2.693
XRP/USDT:USDT,hour,12,56,0.6483,0.625,3.052
XRP/USDT:USDT,hour,16,60,0.2599,0.4833,1.619
XRP/USDT:USDT,hour,20,52,0.16,0.3846,1.338
XRP/USDT:USDT,weekday,0,50,0.177,0.42,1.392
XRP/USDT:USDT,weekday,1,30,0.1748,0.4333,1.477
XRP/USDT:USDT,weekday,2,47,0.5203,0.5319,2.494
XRP/USDT:USDT,weekday,3,65,0.5632,0.5846,2.596
XRP/USDT:USDT,weekday,4,49,0.0738,0.3878,1.154
XRP/USDT:USDT,weekday,5,15,0.0251,0.4667,1.051
XRP/USDT:USDT,weekday,6,47,0.4616,0.5106,2.129
DOGE/USDT:USDT,hour,0,46,0.2275,0.4348,1.526
DOGE/USDT:USDT,hour,4,41,0.307,0.4634,1.747
DOGE/USDT:USDT,hour,8,46,0.4433,0.5,2.039
DOGE/USDT:USDT,hour,12,44,0.3882,0.5,1.935
DOGE/USDT:USDT,hour,16,56,0.2771,0.5179,1.601
DOGE/USDT:USDT,hour,20,45,0.5383,0.6,2.541
DOGE/USDT:USDT,weekday,0,50,0.0022,0.34,1.004
DOGE/USDT:USDT,weekday,1,25,0.6974,0.68,3.406
DOGE/USDT:USDT,weekday,2,34,0.629,0.6471,3.251
DOGE/USDT:USDT,weekday,3,48,0.5465,0.6042,2.558
DOGE/USDT:USDT,weekday,4,38,0.2342,0.3947,1.582
DOGE/USDT:USDT,weekday,5,44,0.0568,0.3636,1.109
DOGE/USDT:USDT,weekday,6,39,0.6077,0.6154,2.539
ADA/USDT:USDT,hour,0,64,0.2087,0.4844,1.424
ADA/USDT:USDT,hour,4,56,0.1184,0.4286,1.238
ADA/USDT:USDT,hour,8,46,0.2836,0.4783,1.637
ADA/USDT:USDT,hour,12,55,0.5257,0.6,2.585
ADA/USDT:USDT,hour,16,80,0.2191,0.4875,1.47
ADA/USDT:USDT,hour,20,68,0.1651,0.4559,1.336
ADA/USDT:USDT,weekday,0,53,-0.4492,0.2453,0.388
ADA/USDT:USDT,weekday,1,43,0.457,0.6047,2.16
ADA/USDT:USDT,weekday,2,47,0.5953,0.6383,3.004
ADA/USDT:USDT,weekday,3,79,0.5305,0.5696,2.426
ADA/USDT:USDT,weekday,4,63,0.5052,0.5873,2.412
ADA/USDT:USDT,weekday,5,32,-0.3231,0.2812,0.5
ADA/USDT:USDT,weekday,6,52,0.067,0.3846,1.132
LINK/USDT:USDT,hour,0,72,0.2773,0.4444,1.599
LINK/USDT:USDT,hour,4,66,0.2619,0.4848,1.559
LINK/USDT:USDT,hour,8,58,0.2755,0.4828,1.576
LINK/USDT:USDT,hour,12,60,-0.0773,0.3667,0.876
LINK/USDT:USDT,hour,16,66,0.2026,0.4091,1.41
LINK/USDT:USDT,hour,20,78,0.351,0.4615,1.759
LINK/USDT:USDT,weekday,0,61,-0.1748,0.2951,0.742
LINK/USDT:USDT,weekday,1,39,0.7406,0.641,3.298
LINK/USDT:USDT,weekday,2,66,0.1973,0.4545,1.446
LINK/USDT:USDT,weekday,3,77,0.3869,0.4675,1.925
LINK/USDT:USDT,weekday,4,61,0.5128,0.5574,2.23
LINK/USDT:USDT,weekday,5,35,0.2996,0.4571,1.707
LINK/USDT:USDT,weekday,6,61,-0.2206,0.2951,0.683
AVAX/USDT:USDT,hour,0,67,0.3165,0.5522,1.784
AVAX/USDT:USDT,hour,4,63,0.1862,0.4603,1.414
AVAX/USDT:USDT,hour,8,54,0.4489,0.5741,2.098
AVAX/USDT:USDT,hour,12,50,0.5387,0.62,2.499
AVAX/USDT:USDT,hour,16,63,0.1737,0.4921,1.384
AVAX/USDT:USDT,hour,20,67,0.143,0.4776,1.282
AVAX/USDT:USDT,weekday,0,43,0.1162,0.4651,1.224
AVAX/USDT:USDT,weekday,1,22,0.1835,0.4091,1.344
AVAX/USDT:USDT,weekday,2,37,0.4116,0.5405,2.09
AVAX/USDT:USDT,weekday,3,75,0.7341,0.6667,3.608
AVAX/USDT:USDT,weekday,4,58,0.2391,0.5517,1.6
AVAX/USDT:USDT,weekday,5,53,0.1293,0.4528,1.261
AVAX/USDT:USDT,weekday,6,76,0.0604,0.4737,1.116
LTC/USDT:USDT,hour,0,65,0.0866,0.4154,1.166
LTC/USDT:USDT,hour,4,48,-0.1588,0.3542,0.75
LTC/USDT:USDT,hour,8,57,-0.0236,0.386,0.958
LTC/USDT:USDT,hour,12,54,-0.0531,0.3704,0.91
LTC/USDT:USDT,hour,16,64,-0.1383,0.3594,0.742
LTC/USDT:USDT,hour,20,67,-0.0983,0.3582,0.819
LTC/USDT:USDT,weekday,0,65,-0.1265,0.3385,0.804
LTC/USDT:USDT,weekday,1,41,0.3595,0.5122,1.825
LTC/USDT:USDT,weekday,2,34,0.032,0.3529,1.06
LTC/USDT:USDT,weekday,3,58,0.0215,0.3793,1.042
LTC/USDT:USDT,weekday,4,63,-0.1553,0.3333,0.749
LTC/USDT:USDT,weekday,5,33,0.0737,0.5758,1.195
LTC/USDT:USDT,weekday,6,61,-0.3794,0.2623,0.417
