n,win_rate,avg_win_r,avg_loss_r,profit_factor,expectancy_r,total_r,max_dd_r,avg_bars,long_share,symbol,split,bars,total_trades,trades
309,0.4854,1.418,-0.913,1.465,0.2185,67.5,83.04,21.0,0.676,BTC,ALL,3989,309,309
186,0.5215,1.402,-0.95,1.609,0.2767,51.47,66.99,21.0,0.828,BTC,TRAIN,3989,309,186
123,0.4309,1.446,-0.865,1.265,0.1304,16.03,32.67,21.0,0.447,BTC,TEST,3989,309,123
294,0.4286,1.596,-0.891,1.344,0.1752,51.51,59.31,21.0,0.65,ETH,ALL,3989,294,294
139,0.3885,1.649,-0.946,1.108,0.0624,8.67,30.25,21.0,0.633,ETH,TRAIN,3989,294,139
155,0.4645,1.557,-0.834,1.619,0.2764,42.84,50.27,21.0,0.665,ETH,TEST,3989,294,155
140,0.5786,1.62,-0.911,2.443,0.5536,77.51,79.83,20.4,0.8,ZEC,ALL,1229,140,140
140,0.5786,1.62,-0.911,2.443,0.5536,77.51,79.83,20.4,0.8,ZEC,TEST,1229,140,140
324,0.4228,1.365,-0.854,1.171,0.0841,27.26,53.82,20.9,0.679,SOL,ALL,3989,324,324
190,0.4789,1.326,-0.872,1.397,0.1806,34.32,53.82,21.0,0.747,SOL,TRAIN,3989,324,190
134,0.3433,1.443,-0.834,0.904,-0.0527,-7.06,23.35,20.7,0.582,SOL,TEST,3989,324,134
119,0.6387,1.519,-0.939,2.858,0.6305,75.03,76.58,20.5,0.639,XAU,ALL,1000,119,119
119,0.6387,1.519,-0.939,2.858,0.6305,75.03,76.58,20.5,0.639,XAU,TEST,1000,119,119
303,0.4851,1.518,-0.794,1.801,0.3275,99.24,103.73,21.0,0.449,XRP,ALL,3989,303,303
143,0.4266,1.565,-0.794,1.467,0.2127,30.41,39.28,21.0,0.58,XRP,TRAIN,3989,303,143
160,0.5375,1.484,-0.795,2.17,0.4302,68.83,74.88,21.0,0.331,XRP,TEST,3989,303,160
121,0.5289,1.383,-0.817,1.901,0.3465,41.93,44.34,20.9,0.397,HYPE,ALL,1229,121,121
121,0.5289,1.383,-0.817,1.901,0.3465,41.93,44.34,20.9,0.397,HYPE,TEST,1229,121,121
67,0.4478,1.22,-0.892,1.109,0.0535,3.58,19.21,20.0,0.448,SKHYNIX,ALL,584,67,67
67,0.4478,1.22,-0.892,1.109,0.0535,3.58,19.21,20.0,0.448,SKHYNIX,TEST,584,67,67
278,0.5036,1.545,-0.844,1.857,0.3591,99.82,113.06,21.0,0.529,DOGE,ALL,3989,278,278
172,0.5814,1.638,-0.941,2.416,0.558,95.97,104.74,21.0,0.616,DOGE,TRAIN,3989,278,172
106,0.3774,1.315,-0.738,1.079,0.0363,3.85,22.06,21.0,0.387,DOGE,TEST,3989,278,106
99,0.5152,1.512,-0.809,1.985,0.3864,38.25,44.1,20.4,0.323,ARB,ALL,1229,99,99
99,0.5152,1.512,-0.809,1.985,0.3864,38.25,44.1,20.4,0.323,ARB,TEST,1229,99,99
109,0.4679,1.435,-0.908,1.39,0.1883,20.52,23.77,20.4,0.743,SNDK,ALL,917,109,109
109,0.4679,1.435,-0.908,1.39,0.1883,20.52,23.77,20.4,0.743,SNDK,TEST,917,109,109
318,0.5126,1.572,-0.919,1.798,0.3578,113.77,126.28,20.9,0.733,BNB,ALL,3989,318,318
150,0.4067,1.594,-0.945,1.156,0.0874,13.11,28.47,21.0,0.693,BNB,TRAIN,3989,318,150
168,0.6071,1.559,-0.884,2.725,0.5992,100.66,104.22,20.8,0.768,BNB,TEST,3989,318,168
105,0.4762,1.293,-0.81,1.451,0.1914,20.1,27.56,20.2,0.162,RAYSOL,ALL,1229,105,105
105,0.4762,1.293,-0.81,1.451,0.1914,20.1,27.56,20.2,0.162,RAYSOL,TEST,1229,105,105
128,0.5078,1.321,-0.847,1.61,0.2544,32.56,35.9,20.1,0.508,NEAR,ALL,1229,128,128
128,0.5078,1.321,-0.847,1.61,0.2544,32.56,35.9,20.1,0.508,NEAR,TEST,1229,128,128
81,0.5679,1.269,-0.851,1.96,0.3529,28.58,31.38,20.6,0.568,CL,ALL,954,81,81
81,0.5679,1.269,-0.851,1.96,0.3529,28.58,31.38,20.6,0.568,CL,TEST,954,81,81
116,0.3793,1.128,-0.811,0.85,-0.0757,-8.78,22.0,20.1,0.44,TAO,ALL,1229,116,116
116,0.3793,1.128,-0.811,0.85,-0.0757,-8.78,22.0,20.1,0.44,TAO,TEST,1229,116,116
91,0.4396,1.411,-0.759,1.457,0.1946,17.71,34.96,21.0,0.242,SUI,ALL,1229,91,91
91,0.4396,1.411,-0.759,1.457,0.1946,17.71,34.96,21.0,0.242,SUI,TEST,1229,91,91
400,0.445,1.622,-0.89,1.461,0.2278,91.14,96.46,20.9,0.635,LINK,ALL,3989,400,400
240,0.4333,1.625,-0.912,1.363,0.1874,44.97,54.33,21.0,0.588,LINK,TRAIN,3989,400,240
160,0.4625,1.618,-0.855,1.628,0.2886,46.17,49.34,20.7,0.706,LINK,TEST,3989,400,160
93,0.5054,1.286,-0.838,1.568,0.2354,21.9,27.1,20.7,0.237,UNI,ALL,1229,93,93
93,0.5054,1.286,-0.838,1.568,0.2354,21.9,27.1,20.7,0.237,UNI,TEST,1229,93,93
77,0.2078,1.28,-0.96,0.35,-0.4942,-38.06,39.46,21.0,0.506,SOXL,ALL,690,77,77
77,0.2078,1.28,-0.96,0.35,-0.4942,-38.06,39.46,21.0,0.506,SOXL,TEST,690,77,77
96,0.3646,1.733,-0.882,1.128,0.0715,6.86,24.66,20.9,0.469,XAG,ALL,1000,96,96
96,0.3646,1.733,-0.882,1.128,0.0715,6.86,24.66,20.9,0.469,XAG,TEST,1000,96,96
333,0.4505,1.055,-0.906,0.954,-0.0228,-7.61,40.58,20.9,0.306,WLD,ALL,3849,333,333
201,0.4975,1.14,-0.924,1.221,0.1027,20.64,37.82,21.0,0.383,WLD,TRAIN,3849,333,201
132,0.3788,0.884,-0.884,0.61,-0.214,-28.24,34.39,20.7,0.189,WLD,TEST,3849,333,132
350,0.3829,1.36,-0.89,0.948,-0.0288,-10.06,61.83,20.9,0.509,DASH,ALL,3990,350,350
210,0.3714,1.335,-0.935,0.843,-0.092,-19.33,38.25,21.0,0.462,DASH,TRAIN,3990,350,210
140,0.4,1.395,-0.82,1.135,0.0662,9.27,39.19,20.8,0.579,DASH,TEST,3990,350,140
328,0.4939,1.462,-0.836,1.708,0.2992,98.15,113.26,21.0,0.226,ENA,ALL,3000,328,328
202,0.5,1.557,-0.843,1.848,0.3572,72.16,95.4,21.0,0.193,ENA,TRAIN,3000,328,202
126,0.4841,1.305,-0.824,1.485,0.2063,25.99,41.1,21.0,0.278,ENA,TEST,3000,328,126
167,0.5689,1.18,-0.795,1.96,0.3288,54.91,60.24,21.0,0.365,PUMP,ALL,1547,167,167
167,0.5689,1.18,-0.795,1.96,0.3288,54.91,60.24,21.0,0.365,PUMP,TEST,1547,167,167
158,0.557,1.398,-0.925,1.901,0.3692,58.34,69.4,21.0,0.177,USELESS,ALL,1329,158,158
158,0.557,1.398,-0.925,1.901,0.3692,58.34,69.4,21.0,0.177,USELESS,TEST,1329,158,158
369,0.4905,1.434,-0.899,1.535,0.2451,90.44,111.32,21.0,0.518,ADA,ALL,3989,369,369
204,0.4755,1.503,-0.922,1.478,0.2313,47.19,66.9,21.0,0.578,ADA,TRAIN,3989,369,204
165,0.5091,1.353,-0.869,1.614,0.2621,43.25,61.43,21.0,0.442,ADA,TEST,3989,369,165
101,0.505,1.261,-0.914,1.408,0.1845,18.63,28.84,20.7,0.634,BZ,ALL,955,101,101
101,0.505,1.261,-0.914,1.408,0.1845,18.63,28.84,20.7,0.634,BZ,TEST,955,101,101
108,0.5185,1.193,-0.839,1.531,0.2145,23.17,28.66,20.7,0.269,BULLA,ALL,1582,108,108
108,0.5185,1.193,-0.839,1.531,0.2145,23.17,28.66,20.7,0.269,BULLA,TEST,1582,108,108
275,0.36,1.298,-0.87,0.84,-0.0893,-24.56,50.08,21.0,0.331,1000PEPE,ALL,3990,275,275
148,0.3986,1.382,-0.908,1.009,0.0049,0.73,23.61,21.0,0.426,1000PEPE,TRAIN,3990,275,148
127,0.315,1.175,-0.831,0.65,-0.1991,-25.29,32.38,21.0,0.22,1000PEPE,TEST,3990,275,127
115,0.487,1.318,-0.887,1.411,0.187,21.51,46.04,20.6,0.026,FLOCK,ALL,1181,115,115
115,0.487,1.318,-0.887,1.411,0.187,21.51,46.04,20.6,0.026,FLOCK,TEST,1181,115,115
91,0.4615,1.454,-0.932,1.337,0.1693,15.41,34.79,20.9,0.231,AKE,ALL,1077,91,91
91,0.4615,1.454,-0.932,1.337,0.1693,15.41,34.79,20.9,0.231,AKE,TEST,1077,91,91
104,0.5192,1.504,-0.929,1.749,0.3344,34.78,52.18,20.3,0.76,MU,ALL,918,104,104
104,0.5192,1.504,-0.929,1.749,0.3344,34.78,52.18,20.3,0.76,MU,TEST,918,104,104
151,0.4768,1.334,-0.934,1.302,0.1474,22.26,26.75,20.5,0.159,DOOD,ALL,1917,151,151
39,0.641,1.203,-0.708,3.036,0.5172,20.17,23.62,21.0,0.0,DOOD,TRAIN,1917,151,39
112,0.4196,1.403,-0.982,1.033,0.0187,2.09,24.52,20.3,0.214,DOOD,TEST,1917,151,112
282,0.4894,1.483,-0.918,1.548,0.2571,72.49,89.91,21.0,0.298,JUP,ALL,3000,282,282
197,0.5381,1.512,-0.932,1.89,0.3829,75.44,78.48,21.0,0.299,JUP,TRAIN,3000,282,197
85,0.3765,1.388,-0.894,0.938,-0.0347,-2.95,25.41,21.0,0.294,JUP,TEST,3000,282,85
50,0.5,1.098,-0.982,1.117,0.0576,2.88,20.37,20.9,0.64,UAI,ALL,1000,50,50
50,0.5,1.098,-0.982,1.117,0.0576,2.88,20.37,20.9,0.64,UAI,TEST,1000,50,50
364,0.5247,1.373,-0.913,1.66,0.2866,104.32,116.98,20.8,0.503,AVAX,ALL,3989,364,364
210,0.6,1.467,-0.957,2.3,0.4976,104.49,109.29,21.0,0.438,AVAX,TRAIN,3989,364,210
154,0.4221,1.191,-0.872,0.998,-0.0011,-0.17,23.19,20.5,0.591,AVAX,TEST,3989,364,154
182,0.5714,1.243,-0.841,1.969,0.3495,63.61,76.75,21.0,0.071,TRUMP,ALL,2000,182,182
89,0.618,1.351,-0.686,3.186,0.5728,50.98,52.05,21.0,0.146,TRUMP,TRAIN,2000,182,89
93,0.5269,1.121,-0.961,1.299,0.1358,12.63,30.76,21.0,0.0,TRUMP,TEST,2000,182,93
80,0.35,1.306,-0.869,0.809,-0.1078,-8.62,24.64,20.9,0.425,ASTER,ALL,1119,80,80
80,0.35,1.306,-0.869,0.809,-0.1078,-8.62,24.64,20.9,0.425,ASTER,TEST,1119,80,80
355,0.3746,1.331,-0.891,0.895,-0.0584,-20.73,49.28,20.9,0.583,LTC,ALL,3989,355,355
213,0.3568,1.31,-0.889,0.818,-0.1042,-22.2,40.11,21.0,0.648,LTC,TRAIN,3989,355,213
142,0.4014,1.359,-0.894,1.019,0.0103,1.47,38.06,20.6,0.486,LTC,TEST,3989,355,142
55,0.3636,1.135,-0.921,0.704,-0.1735,-9.54,19.63,20.8,0.164,SAMSUNG,ALL,585,55,55
55,0.3636,1.135,-0.921,0.704,-0.1735,-9.54,19.63,20.8,0.164,SAMSUNG,TEST,585,55,55
305,0.5377,1.296,-0.812,1.856,0.3214,98.02,101.44,20.6,0.292,TIA,ALL,3254,305,305
200,0.505,1.349,-0.835,1.648,0.2678,53.55,64.64,21.0,0.39,TIA,TRAIN,3254,305,200
105,0.6,1.211,-0.758,2.396,0.4235,44.47,46.72,19.9,0.105,TIA,TEST,3254,305,105
80,0.4875,1.469,-0.891,1.568,0.2595,20.76,29.0,21.0,0.575,CRCL,ALL,1000,80,80
80,0.4875,1.469,-0.891,1.568,0.2595,20.76,29.0,21.0,0.575,CRCL,TEST,1000,80,80
284,0.4507,1.293,-0.887,1.196,0.0957,27.17,64.18,20.9,0.437,ONDO,ALL,3000,284,284
183,0.4918,1.342,-0.832,1.56,0.237,43.38,57.6,21.0,0.672,ONDO,TRAIN,3000,284,183
101,0.3762,1.177,-0.967,0.734,-0.1605,-16.21,31.97,20.8,0.01,ONDO,TEST,3000,284,101
113,0.469,0.902,-0.875,0.911,-0.0415,-4.68,20.13,21.0,0.142,LIT,ALL,1000,113,113
113,0.469,0.902,-0.875,0.911,-0.0415,-4.68,20.13,21.0,0.142,LIT,TEST,1000,113,113
326,0.4448,1.358,-0.881,1.236,0.1153,37.59,49.22,21.0,0.669,AAVE,ALL,3990,326,326
185,0.4486,1.511,-0.91,1.351,0.1763,32.61,39.86,21.0,0.838,AAVE,TRAIN,3990,326,185
141,0.4397,1.154,-0.843,1.075,0.0353,4.98,38.87,21.0,0.447,AAVE,TEST,3990,326,141
327,0.4037,1.389,-0.858,1.096,0.0493,16.12,42.19,20.7,0.422,DOT,ALL,3990,327,327
213,0.4178,1.467,-0.858,1.227,0.1133,24.14,42.19,21.0,0.408,DOT,TRAIN,3990,327,213
114,0.3772,1.228,-0.857,0.868,-0.0703,-8.02,26.0,20.2,0.447,DOT,TEST,3990,327,114
106,0.5,1.523,-0.94,1.62,0.2913,30.88,41.55,21.0,0.368,MSTR,ALL,1000,106,106
106,0.5,1.523,-0.94,1.62,0.2913,30.88,41.55,21.0,0.368,MSTR,TEST,1000,106,106
334,0.4581,1.182,-0.882,1.133,0.0636,21.24,52.69,20.8,0.323,COTI,ALL,3990,334,334
209,0.488,1.364,-0.895,1.452,0.2073,43.33,52.69,21.0,0.431,COTI,TRAIN,3990,334,209
125,0.408,0.817,-0.862,0.654,-0.1767,-22.09,35.27,20.6,0.144,COTI,TEST,3990,334,125
147,0.6735,1.66,-0.812,4.218,0.8529,125.38,137.14,21.0,0.19,HEMI,ALL,1247,147,147
147,0.6735,1.66,-0.812,4.218,0.8529,125.38,137.14,21.0,0.19,HEMI,TEST,1247,147,147
362,0.4586,1.348,-0.903,1.265,0.1294,46.85,87.54,20.6,0.486,INJ,ALL,3990,362,362
208,0.5337,1.45,-0.897,1.85,0.3555,73.95,87.54,21.0,0.447,INJ,TRAIN,3990,362,208
154,0.3571,1.142,-0.908,0.699,-0.1759,-27.09,49.08,20.1,0.539,INJ,TEST,3990,362,154
29,0.5172,1.003,-0.74,1.451,0.1613,4.68,11.0,21.0,0.241,SPCX,ALL,656,29,29
29,0.5172,1.003,-0.74,1.451,0.1613,4.68,11.0,21.0,0.241,SPCX,TEST,656,29,29
172,0.5523,1.384,-0.885,1.93,0.3686,63.4,82.24,20.9,0.093,ORCA,ALL,2000,172,172
89,0.6854,1.343,-0.878,3.334,0.6445,57.36,65.82,21.0,0.146,ORCA,TRAIN,2000,172,89
83,0.4096,1.458,-0.889,1.139,0.0727,6.03,27.19,20.9,0.036,ORCA,TEST,2000,172,83
246,0.3455,1.234,-0.901,0.723,-0.1633,-40.17,60.57,21.0,0.362,FIL,ALL,3990,246,246
153,0.4118,1.413,-0.899,1.1,0.0528,8.08,32.39,21.0,0.458,FIL,TRAIN,3990,246,153
93,0.2366,0.723,-0.904,0.248,-0.5189,-48.25,48.07,21.0,0.204,FIL,TEST,3990,246,93
125,0.752,1.366,-0.863,4.798,0.8129,101.62,100.02,19.7,0.096,XAN,ALL,1060,125,125
125,0.752,1.366,-0.863,4.798,0.8129,101.62,100.02,19.7,0.096,XAN,TEST,1060,125,125
291,0.4742,1.367,-0.829,1.487,0.2123,61.78,89.3,20.9,0.241,1000BONK,ALL,3123,291,291
197,0.5228,1.387,-0.872,1.744,0.3094,60.95,74.12,21.0,0.315,1000BONK,TRAIN,3123,291,197
94,0.3723,1.309,-0.762,1.018,0.0088,0.82,25.52,20.6,0.085,1000BONK,TEST,3123,291,94
313,0.3642,1.338,-0.895,0.856,-0.0819,-25.63,41.86,20.9,0.457,XLM,ALL,3990,313,313
202,0.3416,1.616,-0.892,0.94,-0.035,-7.07,26.33,21.0,0.53,XLM,TRAIN,3990,313,202
111,0.4054,0.91,-0.902,0.688,-0.1672,-18.56,25.38,20.7,0.324,XLM,TEST,3990,313,111
276,0.3333,1.038,-0.893,0.581,-0.2493,-68.8,67.77,20.9,0.359,ICP,ALL,3990,276,276
161,0.3354,1.263,-0.927,0.687,-0.1926,-31.01,29.99,21.0,0.398,ICP,TRAIN,3990,276,161
115,0.3304,0.717,-0.845,0.419,-0.3286,-37.79,36.75,20.8,0.304,ICP,TEST,3990,276,115
260,0.4346,1.377,-0.846,1.251,0.1202,31.24,52.18,21.0,0.477,BCH,ALL,3990,260,260
150,0.4467,1.413,-0.868,1.314,0.1508,22.61,34.54,21.0,0.6,BCH,TRAIN,3990,260,150
110,0.4182,1.326,-0.818,1.165,0.0784,8.63,42.96,21.0,0.309,BCH,TEST,3990,260,110
196,0.4439,1.232,-0.927,1.061,0.0314,6.16,37.96,21.0,0.296,PENGU,ALL,2000,196,196
115,0.5043,1.302,-0.93,1.424,0.1956,22.49,37.96,21.0,0.357,PENGU,TRAIN,2000,196,115
81,0.358,1.093,-0.923,0.66,-0.2017,-16.33,31.43,21.0,0.21,PENGU,TEST,2000,196,81
354,0.4633,1.336,-0.894,1.289,0.1388,49.15,80.81,21.0,0.376,SUSHI,ALL,3990,354,354
223,0.5202,1.39,-0.9,1.674,0.2912,64.94,80.81,21.0,0.413,SUSHI,TRAIN,3990,354,223
131,0.3664,1.204,-0.886,0.785,-0.1206,-15.79,36.74,20.9,0.313,SUSHI,TEST,3990,354,131
306,0.4673,1.288,-0.815,1.386,0.1676,51.28,73.46,21.0,0.464,CRV,ALL,3990,306,306
196,0.4592,1.232,-0.832,1.257,0.1155,22.64,47.99,21.0,0.485,CRV,TRAIN,3990,306,196
110,0.4818,1.384,-0.784,1.641,0.2604,28.64,33.1,21.0,0.427,CRV,TEST,3990,306,110
343,0.4344,1.288,-0.943,1.049,0.0261,8.94,43.84,21.0,0.656,XMR,ALL,3990,343,343
192,0.4375,1.268,-0.95,1.038,0.0204,3.92,43.84,21.0,0.667,XMR,TRAIN,3990,343,192
151,0.4305,1.314,-0.935,1.062,0.0332,5.02,35.85,21.0,0.642,XMR,TEST,3990,343,151
315,0.4254,1.363,-0.866,1.165,0.0819,25.8,47.29,20.9,0.454,ZEN,ALL,3990,315,315
183,0.4536,1.512,-0.925,1.357,0.1803,33.0,47.29,21.0,0.557,ZEN,TRAIN,3990,315,183
132,0.3864,1.12,-0.794,0.888,-0.0546,-7.21,29.86,20.8,0.311,ZEN,TEST,3990,315,132
367,0.5341,1.194,-0.85,1.611,0.2418,88.75,100.06,20.8,0.324,FET,ALL,3990,367,367
206,0.4709,1.256,-0.846,1.321,0.1437,29.61,43.63,21.0,0.476,FET,TRAIN,3990,367,206
161,0.6149,1.134,-0.857,2.114,0.3673,59.14,76.95,20.6,0.13,FET,TEST,3990,367,161
381,0.4724,1.236,-0.877,1.262,0.1212,46.19,89.61,21.0,0.36,OP,ALL,3990,381,381
233,0.5021,1.328,-0.948,1.412,0.1946,45.34,79.66,21.0,0.386,OP,TRAIN,3990,381,233
148,0.4257,1.065,-0.78,1.013,0.0057,0.85,24.01,20.9,0.318,OP,TEST,3990,381,148
86,0.5233,1.082,-0.861,1.38,0.156,13.42,30.99,21.0,0.0,4,ALL,1006,86,86
86,0.5233,1.082,-0.861,1.38,0.156,13.42,30.99,21.0,0.0,4,TEST,1006,86,86
92,0.4348,1.133,-0.962,0.906,-0.0512,-4.71,27.89,20.2,0.587,DRAM,ALL,672,92,92
92,0.4348,1.133,-0.962,0.906,-0.0512,-4.71,27.89,20.2,0.587,DRAM,TEST,672,92,92
118,0.4407,1.07,-0.845,0.998,-0.0011,-0.13,21.67,20.5,0.22,CFG,ALL,1000,118,118
118,0.4407,1.07,-0.845,0.998,-0.0011,-0.13,21.67,20.5,0.22,CFG,TEST,1000,118,118
215,0.3814,0.958,-0.802,0.736,-0.1308,-28.12,27.11,20.8,0.381,FARTCOIN,ALL,2000,215,215
124,0.4032,0.974,-0.797,0.826,-0.0826,-10.24,17.64,21.0,0.492,FARTCOIN,TRAIN,2000,215,124
91,0.3516,0.932,-0.809,0.625,-0.1965,-17.88,26.83,20.5,0.231,FARTCOIN,TEST,2000,215,91
208,0.5817,1.269,-0.891,1.98,0.3654,76.01,96.68,21.0,0.308,VIRTUAL,ALL,2000,208,208
121,0.7107,1.285,-0.907,3.484,0.6513,78.81,81.07,21.0,0.405,VIRTUAL,TRAIN,2000,208,121
87,0.4023,1.228,-0.881,0.939,-0.0323,-2.81,20.57,20.9,0.172,VIRTUAL,TEST,2000,208,87
184,0.5815,1.259,-0.796,2.198,0.3992,73.45,84.93,20.7,0.304,LAYER,ALL,2000,184,184
91,0.6154,1.343,-0.703,3.055,0.5558,50.58,58.91,21.0,0.505,LAYER,TRAIN,2000,184,91
93,0.5484,1.168,-0.874,1.623,0.2459,22.87,33.86,20.4,0.108,LAYER,TEST,2000,184,93
89,0.5618,0.916,-0.946,1.241,0.1,8.9,17.64,21.0,0.258,XPL,ALL,1288,89,89
89,0.5618,0.916,-0.946,1.241,0.1,8.9,17.64,21.0,0.258,XPL,TEST,1288,89,89
118,0.3559,1.315,-0.936,0.776,-0.1348,-15.9,30.8,20.6,0.585,INTC,ALL,1000,118,118
118,0.3559,1.315,-0.936,0.776,-0.1348,-15.9,30.8,20.6,0.585,INTC,TEST,1000,118,118
94,0.5213,1.242,-0.863,1.566,0.2341,22.01,28.39,21.0,0.436,ZAMA,ALL,1000,94,94
94,0.5213,1.242,-0.863,1.566,0.2341,22.01,28.39,21.0,0.436,ZAMA,TEST,1000,94,94
58,0.3966,1.066,-0.88,0.796,-0.1081,-6.27,15.81,21.0,0.293,COLLECT,ALL,1000,58,58
58,0.3966,1.066,-0.88,0.796,-0.1081,-6.27,15.81,21.0,0.293,COLLECT,TEST,1000,58,58
333,0.4294,1.329,-0.868,1.152,0.0753,25.09,77.75,21.0,0.414,LDO,ALL,3990,333,333
209,0.4545,1.31,-0.873,1.251,0.1193,24.93,56.4,21.0,0.33,LDO,TRAIN,3990,333,209
124,0.3871,1.366,-0.861,1.002,0.0013,0.16,36.19,20.9,0.556,LDO,TEST,3990,333,124
97,0.3918,1.393,-0.959,0.935,-0.0377,-3.66,24.79,20.7,0.794,NVDA,ALL,990,97,97
97,0.3918,1.393,-0.959,0.935,-0.0377,-3.66,24.79,20.7,0.794,NVDA,TEST,990,97,97
270,0.4741,1.251,-0.888,1.27,0.126,34.02,72.23,21.0,0.115,METIS,ALL,3000,270,270
195,0.4769,1.411,-0.889,1.447,0.2078,40.53,72.23,21.0,0.103,METIS,TRAIN,3000,270,195
75,0.4667,0.827,-0.887,0.817,-0.0867,-6.51,12.78,21.0,0.147,METIS,TEST,3000,270,75
75,0.4133,1.048,-0.881,0.837,-0.0841,-6.31,16.11,20.8,0.493,龙虾,ALL,1000,75,75
75,0.4133,1.048,-0.881,0.837,-0.0841,-6.31,16.11,20.8,0.493,龙虾,TEST,1000,75,75
357,0.4846,1.199,-0.836,1.349,0.1504,53.7,81.0,20.9,0.319,APT,ALL,3990,357,357
211,0.5071,1.446,-0.854,1.743,0.3128,65.99,81.0,21.0,0.36,APT,TRAIN,3990,357,211
146,0.4521,0.798,-0.812,0.811,-0.0842,-12.3,37.89,20.8,0.26,APT,TEST,3990,357,146
269,0.4535,1.282,-0.89,1.196,0.0954,25.65,59.45,20.7,0.32,JTO,ALL,3028,269,269
164,0.4085,1.224,-0.884,0.957,-0.0224,-3.68,22.23,21.0,0.39,JTO,TRAIN,3028,269,164
105,0.5238,1.353,-0.901,1.651,0.2793,29.33,41.56,20.3,0.21,JTO,TEST,3028,269,105
168,0.5298,1.257,-0.781,1.814,0.2987,50.19,56.29,21.0,0.077,CATI,ALL,2305,168,168
90,0.5111,1.369,-0.798,1.795,0.31,27.9,34.87,21.0,0.122,CATI,TRAIN,2305,168,90
78,0.5513,1.137,-0.76,1.838,0.2857,22.28,36.05,21.0,0.026,CATI,TEST,2305,168,78
114,0.4649,1.395,-0.939,1.291,0.1463,16.68,35.96,21.0,0.596,EWY,ALL,1000,114,114
114,0.4649,1.395,-0.939,1.291,0.1463,16.68,35.96,21.0,0.596,EWY,TEST,1000,114,114
198,0.5051,1.523,-0.965,1.61,0.2913,57.67,66.94,20.9,0.601,PAXG,ALL,2000,198,198
66,0.5303,1.33,-1.076,1.396,0.2,13.2,25.2,21.0,0.97,PAXG,TRAIN,2000,198,66
132,0.4924,1.626,-0.914,1.726,0.3369,44.47,64.65,20.9,0.417,PAXG,TEST,2000,198,132
96,0.5208,1.271,-1.021,1.354,0.1732,16.63,44.45,21.0,0.917,QQQ,ALL,924,96,96
96,0.5208,1.271,-1.021,1.354,0.1732,16.63,44.45,21.0,0.917,QQQ,TEST,924,96,96
344,0.4709,1.314,-0.948,1.233,0.1171,40.3,64.97,20.8,0.288,IOST,ALL,3990,344,344
202,0.4505,1.553,-0.97,1.313,0.1666,33.66,62.69,21.0,0.426,IOST,TRAIN,3990,344,202
142,0.5,1.008,-0.915,1.102,0.0468,6.64,31.17,20.5,0.092,IOST,TEST,3990,344,142
294,0.4388,1.428,-0.886,1.26,0.1292,37.98,64.41,21.0,0.395,1000SHIB,ALL,3990,294,294
177,0.4915,1.555,-0.929,1.618,0.292,51.69,64.41,21.0,0.492,1000SHIB,TRAIN,3990,294,177
117,0.359,1.164,-0.835,0.781,-0.1171,-13.7,22.08,21.0,0.248,1000SHIB,TEST,3990,294,117
87,0.2759,0.781,-0.892,0.333,-0.4308,-37.48,39.67,21.0,0.345,NAORIS,ALL,1419,87,87
87,0.2759,0.781,-0.892,0.333,-0.4308,-37.48,39.67,21.0,0.345,NAORIS,TEST,1419,87,87
139,0.6115,1.271,-0.881,2.272,0.435,60.47,72.37,20.9,0.194,PROM,ALL,2000,139,139
64,0.4375,1.339,-0.883,1.18,0.0894,5.72,26.46,21.0,0.203,PROM,TRAIN,2000,139,64
75,0.76,1.237,-0.876,4.472,0.73,54.75,55.11,20.8,0.187,PROM,TEST,2000,139,75
