symbol,signal_time,entry_time,exit_time,direction,entry,exit,stop,target,reason,bars_held,r,swept,atr,level
PROM/USDT:USDT,2025-01-16 20:00:00+00:00,2025-01-17 00:00:00+00:00,2025-01-20 08:00:00+00:00,-1,7.346,5.859,8.946990420838189,4.141019158323622,TIMEOUT,21,0.9223762870653996,False,0.8009952104190947,7.496
PROM/USDT:USDT,2025-01-18 00:00:00+00:00,2025-01-18 04:00:00+00:00,2025-01-21 12:00:00+00:00,-1,6.878,5.512,7.869353016478038,4.883293967043923,TIMEOUT,21,1.368201616835499,False,0.49767650823901904,7.152
PROM/USDT:USDT,2025-01-18 04:00:00+00:00,2025-01-18 08:00:00+00:00,2025-01-21 16:00:00+00:00,-1,6.698,5.543,7.648372614280967,4.797254771438068,TIMEOUT,21,1.2054459301384188,False,0.47518630714048316,7.152
PROM/USDT:USDT,2025-01-18 08:00:00+00:00,2025-01-18 12:00:00+00:00,2025-01-21 20:00:00+00:00,-1,6.685,5.522,7.558922932376837,4.9311541352463255,TIMEOUT,21,1.3200717789409684,False,0.4379614661884187,7.152
PROM/USDT:USDT,2025-01-18 12:00:00+00:00,2025-01-18 16:00:00+00:00,2025-01-22 00:00:00+00:00,-1,6.595,5.474,7.4255998747265926,4.9458002505468155,TIMEOUT,21,1.3385109170236247,False,0.41329993736329623,7.152
PROM/USDT:USDT,2025-01-19 20:00:00+00:00,2025-01-20 00:00:00+00:00,2025-01-23 08:00:00+00:00,-1,5.71,5.278,6.57793020595689,3.97413958808622,TIMEOUT,21,0.4885254564133245,False,0.4339651029784452,6.075
PROM/USDT:USDT,2025-01-21 00:00:00+00:00,2025-01-21 04:00:00+00:00,2025-01-24 12:00:00+00:00,-1,5.307,5.47,6.020517351624981,3.8829652967500383,TIMEOUT,21,-0.23885866210801848,False,0.35625867581249043,5.438
PROM/USDT:USDT,2025-01-22 16:00:00+00:00,2025-01-22 20:00:00+00:00,2025-01-26 04:00:00+00:00,-1,5.31,5.367,5.729111947704921,4.471776104590156,TIMEOUT,21,-0.1537393537761074,False,0.20955597385246072,5.329
PROM/USDT:USDT,2025-01-22 20:00:00+00:00,2025-01-23 00:00:00+00:00,2025-01-26 08:00:00+00:00,-1,5.215,5.346,5.632630354677599,4.391739290644803,TIMEOUT,21,-0.3311564843191662,False,0.2068151773387993,5.329
PROM/USDT:USDT,2025-01-26 20:00:00+00:00,2025-01-27 00:00:00+00:00,2025-01-30 08:00:00+00:00,-1,5.226,5.132,5.563204527039193,4.554590945921614,TIMEOUT,21,0.25706535069716024,False,0.16810226351959653,5.278
PROM/USDT:USDT,2025-01-27 00:00:00+00:00,2025-01-27 04:00:00+00:00,2025-01-30 12:00:00+00:00,-1,5.104,5.074,5.4513105901006345,4.412378819798732,TIMEOUT,21,0.06580392493467623,False,0.17315529505031704,5.278
PROM/USDT:USDT,2025-02-01 12:00:00+00:00,2025-02-01 16:00:00+00:00,2025-02-02 16:00:00+00:00,-1,4.944,4.345252604271992,5.2328736978640045,4.345252604271992,TP,21,2.0487354857991495,False,0.1479368489320021,4.949
PROM/USDT:USDT,2025-02-01 16:00:00+00:00,2025-02-01 20:00:00+00:00,2025-02-02 16:00:00+00:00,-1,4.743,4.1047522570357255,5.063623871482137,4.1047522570357255,TP,21,1.9699329935870495,False,0.1598119357410685,4.949
PROM/USDT:USDT,2025-02-01 20:00:00+00:00,2025-02-02 00:00:00+00:00,2025-02-03 00:00:00+00:00,-1,4.618,3.9317186227642953,4.961140688617853,3.9317186227642953,TP,21,1.9811587485411846,False,0.17157034430892606,4.949
PROM/USDT:USDT,2025-02-02 16:00:00+00:00,2025-02-02 20:00:00+00:00,2025-02-03 00:00:00+00:00,-1,4.25,3.405673998488262,4.675163000755869,3.405673998488262,TP,21,1.9718931328014095,False,0.21158150037793458,4.49
PROM/USDT:USDT,2025-02-02 20:00:00+00:00,2025-02-03 00:00:00+00:00,2025-02-06 08:00:00+00:00,-1,4.231,4.685474600655087,4.685474600655087,3.3220507986898262,SL,21,-1.0130335116450113,False,0.22723730032754338,4.49
PROM/USDT:USDT,2025-02-11 12:00:00+00:00,2025-02-11 16:00:00+00:00,2025-02-15 00:00:00+00:00,-1,5.409,5.679,5.84934960173131,4.525300796537381,TIMEOUT,21,-0.6303459771705842,False,0.2206748008656549,5.462
PROM/USDT:USDT,2025-02-22 20:00:00+00:00,2025-02-23 00:00:00+00:00,2025-02-23 04:00:00+00:00,1,6.238,6.783733859031245,5.965133070484378,6.783733859031245,TP,21,1.9679946557997972,False,0.13643346475781126,6.208
PROM/USDT:USDT,2025-02-23 00:00:00+00:00,2025-02-23 04:00:00+00:00,2025-02-26 12:00:00+00:00,1,6.477,6.511,6.101115327753127,7.225769344493746,TIMEOUT,21,0.06632938728511081,False,0.18744233612343644,6.208
PROM/USDT:USDT,2025-02-26 04:00:00+00:00,2025-02-26 08:00:00+00:00,2025-02-26 16:00:00+00:00,1,6.794,6.323139585848462,6.323139585848462,7.735720828303076,SL,21,-1.0202004664527582,False,0.23543020707576917,6.763
PROM/USDT:USDT,2025-03-02 08:00:00+00:00,2025-03-02 12:00:00+00:00,2025-03-05 20:00:00+00:00,1,6.521,6.77,6.1786126042943685,7.205774791411263,TIMEOUT,21,0.7005824484445367,False,0.17119369785281568,6.52
PROM/USDT:USDT,2025-03-02 16:00:00+00:00,2025-03-02 20:00:00+00:00,2025-03-06 04:00:00+00:00,1,6.59,6.659,6.214829022781103,7.346341954437793,TIMEOUT,21,0.1593246909531712,False,0.18858548860944815,6.52
PROM/USDT:USDT,2025-03-02 20:00:00+00:00,2025-03-03 00:00:00+00:00,2025-03-06 08:00:00+00:00,1,6.572,6.438,6.201251819743623,7.307496360512754,TIMEOUT,21,-0.38624815339882523,False,0.18437409012818842,6.52
PROM/USDT:USDT,2025-03-03 00:00:00+00:00,2025-03-03 04:00:00+00:00,2025-03-04 00:00:00+00:00,1,6.627,6.2528849104444735,6.2528849104444735,7.369230179111053,SL,21,-1.0247993204738752,False,0.18605754477776332,6.52
PROM/USDT:USDT,2025-03-03 04:00:00+00:00,2025-03-03 08:00:00+00:00,2025-03-04 00:00:00+00:00,1,6.683,6.318900255718543,6.318900255718543,7.411199488562913,SL,21,-1.025696804644739,False,0.1820498721407283,6.52
PROM/USDT:USDT,2025-03-03 08:00:00+00:00,2025-03-03 12:00:00+00:00,2025-03-04 00:00:00+00:00,1,6.658,6.316713554956071,6.316713554956071,7.346572890087858,SL,21,-1.0273119549145886,False,0.17164322252196454,6.52
PROM/USDT:USDT,2025-03-19 00:00:00+00:00,2025-03-19 04:00:00+00:00,2025-03-22 12:00:00+00:00,1,6.251,6.293,6.056286079915204,6.643427840169591,TIMEOUT,21,0.17075615336345942,False,0.09785696004239777,6.244
PROM/USDT:USDT,2025-03-25 16:00:00+00:00,2025-03-25 20:00:00+00:00,2025-03-27 00:00:00+00:00,1,6.218,6.080926021343556,6.080926021343556,6.492147957312888,SL,21,-1.0635073125134735,False,0.06853698932822214,6.143
PROM/USDT:USDT,2025-03-25 20:00:00+00:00,2025-03-26 00:00:00+00:00,2025-03-26 16:00:00+00:00,1,6.262,6.131669218497748,6.131669218497748,6.525661563004503,SL,21,-1.067265767142266,False,0.06566539075112582,6.143
PROM/USDT:USDT,2025-03-26 00:00:00+00:00,2025-03-26 04:00:00+00:00,2025-03-26 12:00:00+00:00,1,6.295,6.170246656031382,6.170246656031382,6.544506687937236,SL,21,-1.0706433969594988,False,0.062376671984309094,6.143
PROM/USDT:USDT,2025-04-02 08:00:00+00:00,2025-04-02 12:00:00+00:00,2025-04-05 20:00:00+00:00,-1,5.882,6.078662980287029,6.078662980287029,5.488674039425941,SL,21,-1.0418726492804153,False,0.09833149014351457,5.966
PROM/USDT:USDT,2025-04-02 12:00:00+00:00,2025-04-02 16:00:00+00:00,2025-04-06 00:00:00+00:00,-1,5.904,6.05,6.129174582915425,5.450650834169148,TIMEOUT,21,-0.685093308501615,False,0.1130872914577127,5.966
PROM/USDT:USDT,2025-04-02 16:00:00+00:00,2025-04-02 20:00:00+00:00,2025-04-06 04:00:00+00:00,-1,5.93,5.998,6.145017971860035,5.49696405627993,TIMEOUT,21,-0.35486336021097226,False,0.10800898593001769,5.966
PROM/USDT:USDT,2025-04-11 16:00:00+00:00,2025-04-11 20:00:00+00:00,2025-04-11 20:00:00+00:00,-1,5.859,5.574034943297925,6.002982528351038,5.574034943297925,TP,21,1.9221947264831438,False,0.0714912641755188,5.866
PROM/USDT:USDT,2025-04-11 20:00:00+00:00,2025-04-12 00:00:00+00:00,2025-04-12 04:00:00+00:00,-1,4.889,5.326518191237566,5.326518191237566,4.013963617524868,SL,21,-1.0156441495167077,False,0.21875909561878298,5.866
PROM/USDT:USDT,2025-04-16 16:00:00+00:00,2025-04-16 20:00:00+00:00,2025-04-20 04:00:00+00:00,-1,5.685,5.848,6.038613228689924,4.971773542620152,TIMEOUT,21,-0.4834632477788623,False,0.1778066143449618,5.688
PROM/USDT:USDT,2025-04-16 20:00:00+00:00,2025-04-17 00:00:00+00:00,2025-04-20 04:00:00+00:00,-1,5.629,5.963598131531267,5.963598131531267,4.959803736937465,SL,21,-1.0235524327764023,False,0.1672990657656336,5.688
PROM/USDT:USDT,2025-04-17 00:00:00+00:00,2025-04-17 04:00:00+00:00,2025-04-20 04:00:00+00:00,-1,5.612,5.923718380660431,5.923718380660431,4.994563238679137,SL,21,-1.0252048017937023,False,0.15485919033021578,5.688
PROM/USDT:USDT,2025-04-17 04:00:00+00:00,2025-04-17 08:00:00+00:00,2025-04-20 04:00:00+00:00,-1,5.655,5.944755929905708,5.944755929905708,5.075488140188585,SL,21,-1.0273229956072905,False,0.14487796495285368,5.688
PROM/USDT:USDT,2025-04-18 20:00:00+00:00,2025-04-19 00:00:00+00:00,2025-04-19 08:00:00+00:00,-1,5.452,5.7006041886987,5.7006041886987,4.9517916226026,SL,21,-1.0307026202573388,False,0.12480209434934982,5.668
PROM/USDT:USDT,2025-04-29 08:00:00+00:00,2025-04-29 12:00:00+00:00,2025-05-02 12:00:00+00:00,-1,5.61,5.8606893770889315,5.8606893770889315,5.099621245822138,SL,21,-1.031329608343212,False,0.12684468854446573,5.794
PROM/USDT:USDT,2025-04-29 12:00:00+00:00,2025-04-29 16:00:00+00:00,2025-05-02 12:00:00+00:00,-1,5.59,5.836997460143741,5.836997460143741,5.099005079712518,SL,21,-1.0316845363326637,False,0.12299873007187029,5.794
PROM/USDT:USDT,2025-04-29 16:00:00+00:00,2025-04-29 20:00:00+00:00,2025-05-02 08:00:00+00:00,-1,5.591,5.816731132124575,5.816731132124575,5.13953773575085,SL,21,-1.0346757663700559,False,0.11286556606228766,5.794
PROM/USDT:USDT,2025-04-30 12:00:00+00:00,2025-04-30 16:00:00+00:00,2025-05-02 04:00:00+00:00,-1,5.4,5.6943951015505245,5.6943951015505245,4.81420979689895,SL,21,-1.0256797751055737,False,0.1466975507752624,5.431
PROM/USDT:USDT,2025-05-05 00:00:00+00:00,2025-05-05 04:00:00+00:00,2025-05-08 12:00:00+00:00,-1,5.493,5.601,5.7028378675935,5.073324264813001,TIMEOUT,21,-0.5513313746788359,False,0.1049189337967499,5.56
PROM/USDT:USDT,2025-05-05 04:00:00+00:00,2025-05-05 08:00:00+00:00,2025-05-08 12:00:00+00:00,-1,5.449,5.6620594852477,5.6620594852477,5.0228810295046,SL,21,-1.0358050240810968,False,0.10652974262384991,5.56
PROM/USDT:USDT,2025-05-10 08:00:00+00:00,2025-05-10 12:00:00+00:00,2025-05-11 04:00:00+00:00,-1,5.493,5.723098629643989,5.723098629643989,5.0328027407120235,SL,21,-1.0334213202916436,False,0.11504931482199415,5.521
PROM/USDT:USDT,2025-05-19 04:00:00+00:00,2025-05-19 08:00:00+00:00,2025-05-20 12:00:00+00:00,-1,5.383,5.580895880708113,5.580895880708113,4.990208238583776,SL,21,-1.038081641583614,False,0.09844794035405616,5.412
PROM/USDT:USDT,2025-05-19 08:00:00+00:00,2025-05-19 12:00:00+00:00,2025-05-20 08:00:00+00:00,-1,5.323,5.513643096613698,5.513643096613698,4.941713806772606,SL,21,-1.039089797282828,False,0.09532154830684869,5.412
PROM/USDT:USDT,2025-05-23 08:00:00+00:00,2025-05-23 12:00:00+00:00,2025-05-23 16:00:00+00:00,-1,5.32,5.516808997519565,5.516808997519565,4.93238200496087,SL,21,-1.0378437982707553,False,0.09740449875978227,5.451
PROM/USDT:USDT,2025-05-28 00:00:00+00:00,2025-05-28 04:00:00+00:00,2025-05-30 16:00:00+00:00,-1,5.446,5.618155375316924,5.618155375316924,5.101689249366151,SL,21,-1.0442878997299043,False,0.08607768765846212,5.455
PROM/USDT:USDT,2025-05-28 04:00:00+00:00,2025-05-28 08:00:00+00:00,2025-05-30 16:00:00+00:00,-1,5.412,5.576201325274667,5.576201325274667,5.080597349450665,SL,21,-1.046143354734354,False,0.08260066263733379,5.455
PROM/USDT:USDT,2025-05-28 08:00:00+00:00,2025-05-28 12:00:00+00:00,2025-05-30 08:00:00+00:00,-1,5.402,5.563774481904711,5.563774481904711,5.081451036190576,SL,21,-1.0467490293336539,False,0.08038724095235593,5.455
PROM/USDT:USDT,2025-06-02 00:00:00+00:00,2025-06-02 04:00:00+00:00,2025-06-02 08:00:00+00:00,-1,5.325,5.502066201668041,5.502066201668041,4.973867596663918,SL,21,-1.0421028967119115,False,0.08803310083402069,5.339
PROM/USDT:USDT,2025-06-12 12:00:00+00:00,2025-06-12 16:00:00+00:00,2025-06-13 00:00:00+00:00,-1,5.346,5.113945109297575,5.462027445351213,5.113945109297575,TP,21,1.9354945721907013,False,0.05801372267560639,5.358
PROM/USDT:USDT,2025-06-12 16:00:00+00:00,2025-06-12 20:00:00+00:00,2025-06-13 00:00:00+00:00,-1,5.345,5.119952428057897,5.456023785971052,5.119952428057897,TP,21,1.9596212652920109,False,0.05601189298552556,5.358
PROM/USDT:USDT,2025-06-12 20:00:00+00:00,2025-06-13 00:00:00+00:00,2025-06-13 00:00:00+00:00,-1,5.325,5.1062254376501786,5.43588728117491,5.1062254376501786,TP,21,1.9057150658829218,False,0.05494364058745549,5.358
PROM/USDT:USDT,2025-06-16 20:00:00+00:00,2025-06-17 00:00:00+00:00,2025-06-20 08:00:00+00:00,-1,5.326,5.305,5.410286321953015,5.154427356093971,TIMEOUT,21,0.16068562118002636,False,0.04264316097650726,5.351
PROM/USDT:USDT,2025-06-22 00:00:00+00:00,2025-06-22 04:00:00+00:00,2025-06-22 20:00:00+00:00,-1,5.206,5.006428552375758,5.3057857238121215,5.006428552375758,TP,21,1.9269594915829567,False,0.04989286190606071,5.256
PROM/USDT:USDT,2025-06-22 04:00:00+00:00,2025-06-22 08:00:00+00:00,2025-06-22 20:00:00+00:00,-1,5.213,5.017104745392323,5.310947627303839,5.017104745392323,TP,21,1.9254887514798027,False,0.0489738136519193,5.256
PROM/USDT:USDT,2025-06-22 08:00:00+00:00,2025-06-22 12:00:00+00:00,2025-06-22 20:00:00+00:00,-1,5.192,5.001424112673346,5.287287943663327,5.001424112673346,TP,21,1.9237175268921507,False,0.047643971831663474,5.256
PROM/USDT:USDT,2025-06-22 12:00:00+00:00,2025-06-22 16:00:00+00:00,2025-06-23 00:00:00+00:00,-1,5.107,4.871434230983566,5.224782884508217,4.871434230983566,TP,21,1.9392967829761276,False,0.0588914422541083,5.256
PROM/USDT:USDT,2025-06-22 16:00:00+00:00,2025-06-22 20:00:00+00:00,2025-06-23 00:00:00+00:00,-1,5.047,4.803909666852424,5.168545166573788,4.803909666852424,TP,21,1.9418668779748598,False,0.060772583286893916,5.256
PROM/USDT:USDT,2025-06-22 20:00:00+00:00,2025-06-23 00:00:00+00:00,2025-06-23 00:00:00+00:00,-1,4.884,4.5799883779387685,5.036005811030616,4.5799883779387685,TP,21,1.9550175091752064,False,0.07600290551530804,5.256
PROM/USDT:USDT,2025-12-14 16:00:00+00:00,2025-12-14 20:00:00+00:00,2025-12-18 04:00:00+00:00,1,8.947,8.57,7.72280040131415,11.377399197371702,TIMEOUT,21,-0.3181881454773765,False,0.6090997993429254,6.547
PROM/USDT:USDT,2025-12-25 12:00:00+00:00,2025-12-25 16:00:00+00:00,2025-12-25 16:00:00+00:00,1,7.387,7.988242191431963,7.083378904284018,7.988242191431963,TP,21,1.9461769941859175,False,0.15081054785799078,7.272
PROM/USDT:USDT,2025-12-25 16:00:00+00:00,2025-12-25 20:00:00+00:00,2025-12-26 16:00:00+00:00,1,7.838,8.692743232574367,7.4181283837128165,8.692743232574367,TP,21,2.009590550644046,False,0.21243580814359195,7.272
PROM/USDT:USDT,2025-12-25 20:00:00+00:00,2025-12-26 00:00:00+00:00,2025-12-26 16:00:00+00:00,1,8.014,8.916310801564451,7.562844599217773,8.916310801564451,TP,21,1.9751314070926622,False,0.2255777003911129,7.272
PROM/USDT:USDT,2025-12-26 12:00:00+00:00,2025-12-26 16:00:00+00:00,2025-12-30 00:00:00+00:00,1,8.419,8.598,7.906550826632273,9.437898346735453,TIMEOUT,21,0.32630240946844097,False,0.2552245866838633,8.188
PROM/USDT:USDT,2025-12-26 16:00:00+00:00,2025-12-26 20:00:00+00:00,2025-12-28 00:00:00+00:00,1,9.086,8.44974404974797,8.44974404974797,10.35851190050406,SL,21,-1.019992583165566,False,0.3181279751260149,8.188
PROM/USDT:USDT,2026-01-11 20:00:00+00:00,2026-01-12 00:00:00+00:00,2026-01-12 12:00:00+00:00,1,7.352,7.938336368777262,7.057331815611369,7.938336368777262,TP,21,1.9548889201337414,False,0.1468340921943153,7.249
PROM/USDT:USDT,2026-01-12 00:00:00+00:00,2026-01-12 04:00:00+00:00,2026-01-12 16:00:00+00:00,1,7.459,8.061824852940294,7.159087573529853,8.061824852940294,TP,21,1.9751840892770112,False,0.15045621323507322,7.249
PROM/USDT:USDT,2026-01-12 04:00:00+00:00,2026-01-12 08:00:00+00:00,2026-01-12 16:00:00+00:00,1,7.717,8.411048205881587,7.365475897059207,8.411048205881587,TP,21,1.9436630380838116,False,0.17426205147039675,7.249
PROM/USDT:USDT,2026-01-12 08:00:00+00:00,2026-01-12 12:00:00+00:00,2026-01-13 16:00:00+00:00,1,7.922,7.538879110784646,7.538879110784646,8.700241778430708,SL,21,-1.02894856509316,False,0.19356044460767718,7.249
PROM/USDT:USDT,2026-01-12 12:00:00+00:00,2026-01-12 16:00:00+00:00,2026-01-13 16:00:00+00:00,1,7.999,7.619028562680026,7.619028562680026,8.755942874639949,SL,21,-1.0294722152775122,False,0.18948571865998706,7.249
PROM/USDT:USDT,2026-01-15 20:00:00+00:00,2026-01-16 00:00:00+00:00,2026-01-16 00:00:00+00:00,-1,6.228,4.802664437521196,6.939167781239402,4.802664437521196,TP,21,1.9919580158847543,False,0.35608389061970114,6.796
PROM/USDT:USDT,2026-01-16 00:00:00+00:00,2026-01-16 04:00:00+00:00,2026-01-19 12:00:00+00:00,-1,4.326,2.921,5.478945410407482,2.0081091791850367,TIMEOUT,21,1.2133649931487869,False,0.578472705203741,6.796
PROM/USDT:USDT,2026-01-16 04:00:00+00:00,2026-01-16 08:00:00+00:00,2026-01-19 16:00:00+00:00,-1,4.323,2.908,5.501752689019818,1.9624946219603645,TIMEOUT,21,1.1952870293526963,False,0.5898763445099089,6.796
PROM/USDT:USDT,2026-01-16 08:00:00+00:00,2026-01-16 12:00:00+00:00,2026-01-19 20:00:00+00:00,-1,4.125,2.855,5.269318997150509,1.836362005698982,TIMEOUT,21,1.1047837212770837,False,0.5721594985752544,6.796
PROM/USDT:USDT,2026-01-18 00:00:00+00:00,2026-01-18 04:00:00+00:00,2026-01-20 00:00:00+00:00,-1,3.567,2.439807003254953,4.129096498372523,2.439807003254953,TP,21,1.9964529222192775,False,0.2815482491862617,3.658
PROM/USDT:USDT,2026-01-18 04:00:00+00:00,2026-01-18 08:00:00+00:00,2026-01-20 00:00:00+00:00,-1,3.637,2.583232736154292,4.160883631922854,2.583232736154292,TP,21,2.001733591096685,False,0.2629418159614268,3.658
PROM/USDT:USDT,2026-01-19 12:00:00+00:00,2026-01-19 16:00:00+00:00,2026-01-23 00:00:00+00:00,-1,2.921,2.285,3.3495487760268845,2.0639024479462305,TIMEOUT,21,1.4745360046492286,False,0.21427438801344242,3.0
PROM/USDT:USDT,2026-01-19 16:00:00+00:00,2026-01-19 20:00:00+00:00,2026-01-23 04:00:00+00:00,-1,2.908,2.302,3.3298089392233,2.0643821215534,TIMEOUT,21,1.4270176471564697,False,0.2109044696116501,3.0
PROM/USDT:USDT,2026-01-19 20:00:00+00:00,2026-01-20 00:00:00+00:00,2026-01-23 08:00:00+00:00,-1,2.855,2.436,3.25016774732686,2.0646645053462795,TIMEOUT,21,1.0501945131082095,False,0.19758387366343005,3.0
PROM/USDT:USDT,2026-01-24 12:00:00+00:00,2026-01-24 16:00:00+00:00,2026-01-28 00:00:00+00:00,-1,2.24,2.082,2.4415601638580133,1.833879672283973,TIMEOUT,21,0.7683264244074173,False,0.10128008192900684,2.27
PROM/USDT:USDT,2026-01-24 16:00:00+00:00,2026-01-24 20:00:00+00:00,2026-01-28 04:00:00+00:00,-1,2.229,2.11,2.4199521420102785,1.850095715979443,TIMEOUT,21,0.6068504850485665,False,0.0949760710051393,2.27
PROM/USDT:USDT,2026-01-25 00:00:00+00:00,2026-01-25 04:00:00+00:00,2026-01-28 12:00:00+00:00,-1,2.178,1.998,2.372266275554387,1.7894674488912257,TIMEOUT,21,0.9108673108341983,False,0.09713313777719353,2.27
PROM/USDT:USDT,2026-01-25 04:00:00+00:00,2026-01-25 08:00:00+00:00,2026-01-28 16:00:00+00:00,-1,2.202,2.004,2.3936307721471355,1.8157384557057292,TIMEOUT,21,1.0171497918421009,False,0.09631538607356775,2.27
PROM/USDT:USDT,2026-01-25 08:00:00+00:00,2026-01-25 12:00:00+00:00,2026-01-28 20:00:00+00:00,-1,2.208,1.994,2.393013335860851,1.8409733282782983,TIMEOUT,21,1.1399653923251538,False,0.09200666793042539,2.27
PROM/USDT:USDT,2026-01-25 12:00:00+00:00,2026-01-25 16:00:00+00:00,2026-01-29 00:00:00+00:00,-1,2.139,1.993,2.321478224412737,1.7710435511745253,TIMEOUT,21,0.7836847407970371,False,0.09173911220636866,2.27
PROM/USDT:USDT,2026-01-27 08:00:00+00:00,2026-01-27 12:00:00+00:00,2026-01-28 04:00:00+00:00,-1,1.988,2.149795871626005,2.149795871626005,1.6644082567479903,SL,21,-1.0172019222247737,False,0.08089793581300248,2.01
PROM/USDT:USDT,2026-01-29 04:00:00+00:00,2026-01-29 08:00:00+00:00,2026-01-31 12:00:00+00:00,-1,1.94,1.6518644518143712,2.0855677740928145,1.6518644518143712,TP,21,1.9607330672216243,False,0.07228388704640712,1.98
PROM/USDT:USDT,2026-01-29 08:00:00+00:00,2026-01-29 12:00:00+00:00,2026-01-31 16:00:00+00:00,-1,1.874,1.5748825249057892,2.0235587375471056,1.5748825249057892,TP,21,1.9824577283612488,False,0.07477936877355283,1.98
PROM/USDT:USDT,2026-01-29 12:00:00+00:00,2026-01-29 16:00:00+00:00,2026-01-31 16:00:00+00:00,-1,1.81,1.4905648549183501,1.9682175725408249,1.4905648549183501,TP,21,2.0029453112730575,False,0.07960878627041246,1.98
PROM/USDT:USDT,2026-01-29 16:00:00+00:00,2026-01-29 20:00:00+00:00,2026-01-31 16:00:00+00:00,-1,1.772,1.4544228742625702,1.930788562868715,1.4544228742625702,TP,21,1.9843767085287425,False,0.07939428143435748,1.98
PROM/USDT:USDT,2026-01-29 20:00:00+00:00,2026-01-30 00:00:00+00:00,2026-01-30 04:00:00+00:00,-1,1.766,1.913950087819553,1.913950087819553,1.4730998243608937,SL,21,-1.0167110411114826,False,0.07347504390977651,1.98
PROM/USDT:USDT,2026-01-31 04:00:00+00:00,2026-01-31 08:00:00+00:00,2026-01-31 16:00:00+00:00,-1,1.759,1.4607655054272497,1.908117247286375,1.4607655054272497,TP,21,1.9834854784083382,False,0.07455862364318756,1.767
PROM/USDT:USDT,2026-01-31 08:00:00+00:00,2026-01-31 12:00:00+00:00,2026-01-31 16:00:00+00:00,-1,1.711,1.4205301047036165,1.8562349476481919,1.4205301047036165,TP,21,1.9835067245260936,False,0.07261747382409589,1.767
PROM/USDT:USDT,2026-01-31 12:00:00+00:00,2026-01-31 16:00:00+00:00,2026-02-04 00:00:00+00:00,-1,1.611,1.492,1.7715369546284327,1.2899260907431345,TIMEOUT,21,0.7272132467580976,False,0.08026847731421642,1.767
PROM/USDT:USDT,2026-02-03 04:00:00+00:00,2026-02-03 08:00:00+00:00,2026-02-05 12:00:00+00:00,-1,1.427,1.1891562715811972,1.5459218642094015,1.1891562715811972,TP,21,1.9832007342528517,False,0.05946093210470072,1.442
PROM/USDT:USDT,2026-02-04 20:00:00+00:00,2026-02-05 00:00:00+00:00,2026-02-06 00:00:00+00:00,-1,1.355,1.0715424387351264,1.4967287806324368,1.0715424387351264,TP,21,1.9866152803154375,False,0.07086439031621843,1.358
PROM/USDT:USDT,2026-02-05 00:00:00+00:00,2026-02-05 04:00:00+00:00,2026-02-06 00:00:00+00:00,-1,1.315,1.0347367802371097,1.4536316098814452,1.0347367802371097,TP,21,2.0083602866690415,False,0.06981580494072263,1.358
PROM/USDT:USDT,2026-02-05 04:00:00+00:00,2026-02-05 08:00:00+00:00,2026-02-06 00:00:00+00:00,-1,1.319,1.0589052095388283,1.447547395230586,1.0589052095388283,TP,21,2.0089725660946356,False,0.06477369761529296,1.358
PROM/USDT:USDT,2026-02-05 08:00:00+00:00,2026-02-05 12:00:00+00:00,2026-02-06 00:00:00+00:00,-1,1.293,1.0338511816003175,1.4210744091998413,1.0338511816003175,TP,21,2.009289912070905,False,0.06453720459992059,1.358
PROM/USDT:USDT,2026-02-05 12:00:00+00:00,2026-02-05 16:00:00+00:00,2026-02-09 00:00:00+00:00,-1,1.221,1.182,1.3616644879731958,0.9396710240536086,TIMEOUT,21,0.2651031581411368,False,0.07033224398659786,1.358
PROM/USDT:USDT,2026-02-05 16:00:00+00:00,2026-02-05 20:00:00+00:00,2026-02-08 04:00:00+00:00,-1,1.143,1.292709222910103,1.292709222910103,0.8405815541797939,SL,21,-1.010688720233094,False,0.0753546114550515,1.358
PROM/USDT:USDT,2026-02-05 20:00:00+00:00,2026-02-06 00:00:00+00:00,2026-02-06 12:00:00+00:00,-1,1.103,1.2552146598554226,1.2552146598554226,0.7985706802891548,SL,21,-1.0101448835576463,False,0.0761073299277113,1.358
PROM/USDT:USDT,2026-02-18 00:00:00+00:00,2026-02-18 04:00:00+00:00,2026-02-21 12:00:00+00:00,-1,1.334,1.306,1.5362934614345534,0.9294130771308935,TIMEOUT,21,0.12918064585322486,False,0.10114673071727664,1.366
PROM/USDT:USDT,2026-02-21 16:00:00+00:00,2026-02-21 20:00:00+00:00,2026-02-25 04:00:00+00:00,-1,1.286,1.233,1.382209574434413,1.0935808511311742,TIMEOUT,21,0.5321674095430414,False,0.04810478721720642,1.296
PROM/USDT:USDT,2026-02-21 20:00:00+00:00,2026-02-22 00:00:00+00:00,2026-02-25 08:00:00+00:00,-1,1.259,1.264,1.3541149645098243,1.0687700709803512,TIMEOUT,21,-0.07109922223964675,False,0.04755748225491221,1.296
PROM/USDT:USDT,2026-02-22 00:00:00+00:00,2026-02-22 04:00:00+00:00,2026-02-22 16:00:00+00:00,-1,1.225,1.3194329692418478,1.3194329692418478,1.0361340615163046,SL,21,-1.0181610301335309,False,0.047216484620923906,1.296
PROM/USDT:USDT,2026-02-28 04:00:00+00:00,2026-02-28 08:00:00+00:00,2026-03-03 16:00:00+00:00,-1,1.114,1.098,1.2131820007390943,0.9126359985218113,TIMEOUT,21,0.14559496574369962,False,0.05009100036954715,1.152
PROM/USDT:USDT,2026-03-01 16:00:00+00:00,2026-03-01 20:00:00+00:00,2026-03-03 00:00:00+00:00,-1,1.071,1.1578863763344982,1.1578863763344982,0.9002272473310038,SL,21,-1.017257020758094,False,0.042943188167249124,1.08
PROM/USDT:USDT,2026-03-05 12:00:00+00:00,2026-03-05 16:00:00+00:00,2026-03-08 12:00:00+00:00,-1,1.072,0.9569560060605657,1.1295219969697172,0.9569560060605657,TP,21,1.9739091116605338,False,0.028760998484858625,1.081
PROM/USDT:USDT,2026-03-18 12:00:00+00:00,2026-03-18 16:00:00+00:00,2026-03-21 08:00:00+00:00,-1,1.077,1.1466154989151645,1.1466154989151645,0.9407690021696713,SL,21,-1.0216589699635343,False,0.03430774945758219,1.112
PROM/USDT:USDT,2026-03-19 04:00:00+00:00,2026-03-19 08:00:00+00:00,2026-03-21 00:00:00+00:00,-1,1.053,1.1150057138669829,1.1150057138669829,0.928988572266034,SL,21,-1.0237752282501338,False,0.031002856933491498,1.06
PROM/USDT:USDT,2026-03-19 08:00:00+00:00,2026-03-19 12:00:00+00:00,2026-03-21 00:00:00+00:00,-1,1.055,1.115404952018052,1.115404952018052,0.9341900959638958,SL,21,-1.0244516376663722,False,0.030202476009025984,1.06
PROM/USDT:USDT,2026-03-22 20:00:00+00:00,2026-03-23 00:00:00+00:00,2026-03-26 08:00:00+00:00,-1,1.127,1.025,1.2421326057776085,0.8967347884447829,TIMEOUT,21,0.8722307579312221,False,0.0575663028888043,1.128
PROM/USDT:USDT,2026-03-23 00:00:00+00:00,2026-03-23 04:00:00+00:00,2026-03-26 12:00:00+00:00,-1,1.092,1.027,1.203448258340594,0.8721034833188117,TIMEOUT,21,0.5695127132990051,False,0.05522412917029704,1.128
PROM/USDT:USDT,2026-03-23 04:00:00+00:00,2026-03-23 08:00:00+00:00,2026-03-26 16:00:00+00:00,-1,1.081,1.018,1.1865884905618482,0.8698230188763034,TIMEOUT,21,0.5823229375931299,False,0.05279424528092412,1.128
PROM/USDT:USDT,2026-03-26 04:00:00+00:00,2026-03-26 08:00:00+00:00,2026-03-29 16:00:00+00:00,-1,1.036,0.978,1.0972984694905574,0.9134030610188852,TIMEOUT,21,0.9225287428866576,False,0.030649234745278735,1.054
PROM/USDT:USDT,2026-03-26 08:00:00+00:00,2026-03-26 12:00:00+00:00,2026-03-29 20:00:00+00:00,-1,1.026,0.953,1.0829253402251497,0.9091493195497002,TIMEOUT,21,1.257148393263061,False,0.028962670112574907,1.054
PROM/USDT:USDT,2026-03-26 12:00:00+00:00,2026-03-26 16:00:00+00:00,2026-03-30 00:00:00+00:00,-1,1.027,0.98,1.082801961528463,0.9153960769430738,TIMEOUT,21,0.8164981794906957,False,0.027900980764231576,1.054
PROM/USDT:USDT,2026-03-26 16:00:00+00:00,2026-03-26 20:00:00+00:00,2026-03-30 04:00:00+00:00,-1,1.017,0.971,1.0714283666580013,0.9111432666839974,TIMEOUT,21,0.8189883830263138,False,0.026714183329000687,1.054
PROM/USDT:USDT,2026-03-26 20:00:00+00:00,2026-03-27 00:00:00+00:00,2026-03-30 08:00:00+00:00,-1,1.022,0.981,1.0718379177702677,0.9193241644594643,TIMEOUT,21,0.7939577287798775,False,0.025418958885133947,1.054
PROM/USDT:USDT,2026-03-27 00:00:00+00:00,2026-03-27 04:00:00+00:00,2026-03-30 12:00:00+00:00,-1,1.016,0.967,1.0640595287342323,0.9198809425315355,TIMEOUT,21,0.9899722542662193,False,0.024029764367116103,1.054
PROM/USDT:USDT,2026-03-27 04:00:00+00:00,2026-03-27 08:00:00+00:00,2026-03-30 16:00:00+00:00,-1,1.003,0.953,1.0512515915696679,0.9094968168606643,TIMEOUT,21,1.0071336181695683,False,0.02362579578483396,1.054
PROM/USDT:USDT,2026-03-27 08:00:00+00:00,2026-03-27 12:00:00+00:00,2026-03-30 20:00:00+00:00,-1,0.991,0.966,1.0397513793603788,0.8904972412792425,TIMEOUT,21,0.48434732124093416,False,0.024875689680189435,1.054
PROM/USDT:USDT,2026-04-07 04:00:00+00:00,2026-04-07 08:00:00+00:00,2026-04-09 12:00:00+00:00,-1,1.016,1.0534260073135162,1.0534260073135162,0.9381479853729673,SL,21,-1.0380056570845138,False,0.01921300365675816,1.018
PROM/USDT:USDT,2026-04-07 08:00:00+00:00,2026-04-07 12:00:00+00:00,2026-04-07 20:00:00+00:00,-1,0.994,1.0347692063383809,1.0347692063383809,0.9124615873232382,SL,21,-1.0341336053601298,False,0.02038460316919041,1.018
PROM/USDT:USDT,2026-04-17 00:00:00+00:00,2026-04-17 04:00:00+00:00,2026-04-18 00:00:00+00:00,1,1.443,1.7191209886777332,1.3064395056611333,1.7191209886777332,TP,21,2.007174842217313,False,0.06878024716943328,1.44
PROM/USDT:USDT,2026-05-06 16:00:00+00:00,2026-05-06 20:00:00+00:00,2026-05-10 04:00:00+00:00,1,2.056,2.081,1.9525758722926314,2.2628482554147373,TIMEOUT,21,0.21389206261996657,False,0.05171206385368433,2.022
PROM/USDT:USDT,2026-05-16 20:00:00+00:00,2026-05-17 00:00:00+00:00,2026-05-18 00:00:00+00:00,1,1.769,1.6696285716414472,1.6696285716414472,1.9677428567171054,SL,21,-1.0249226567526424,False,0.04968571417927637,1.753
PROM/USDT:USDT,2026-05-18 00:00:00+00:00,2026-05-18 04:00:00+00:00,2026-05-19 04:00:00+00:00,-1,1.485,1.0933264902242452,1.6823367548878774,1.0933264902242452,TP,21,1.9742622705897566,False,0.09816837744393869,1.681
PROM/USDT:USDT,2026-05-18 04:00:00+00:00,2026-05-18 08:00:00+00:00,2026-05-21 16:00:00+00:00,-1,1.22,1.163,1.489358520902827,0.6812829581943458,TIMEOUT,21,0.20527288245671244,False,0.13467926045141354,1.681
PROM/USDT:USDT,2026-05-18 08:00:00+00:00,2026-05-18 12:00:00+00:00,2026-05-21 20:00:00+00:00,-1,1.224,1.155,1.47917738478245,0.7076452304350997,TIMEOUT,21,0.26368480912744113,False,0.12858869239122506,1.681
PROM/USDT:USDT,2026-05-18 12:00:00+00:00,2026-05-18 16:00:00+00:00,2026-05-22 00:00:00+00:00,-1,1.157,1.143,1.4236204001447903,0.6237591997104195,TIMEOUT,21,0.04643380624017085,False,0.13331020007239508,1.681
PROM/USDT:USDT,2026-05-27 20:00:00+00:00,2026-05-28 00:00:00+00:00,2026-05-30 04:00:00+00:00,-1,1.055,1.039,1.1223464427194596,0.9203071145610806,TIMEOUT,14,0.21564613383512254,False,0.03367322135972985,1.092
PROM/USDT:USDT,2026-05-28 00:00:00+00:00,2026-05-28 04:00:00+00:00,2026-05-30 04:00:00+00:00,-1,1.037,1.039,1.111900250356865,0.88719949928627,TIMEOUT,13,-0.04608529322070052,False,0.03745012517843255,1.092
